-- phpMyAdmin SQL Dump
-- version 4.5.1
-- http://www.phpmyadmin.net
--
-- Host: 127.0.0.1
-- Generation Time: 2017-04-24 03:58:08
-- 服务器版本： 10.1.13-MariaDB
-- PHP Version: 5.6.21

SET SQL_MODE = "NO_AUTO_VALUE_ON_ZERO";
SET time_zone = "+00:00";


/*!40101 SET @OLD_CHARACTER_SET_CLIENT=@@CHARACTER_SET_CLIENT */;
/*!40101 SET @OLD_CHARACTER_SET_RESULTS=@@CHARACTER_SET_RESULTS */;
/*!40101 SET @OLD_COLLATION_CONNECTION=@@COLLATION_CONNECTION */;
/*!40101 SET NAMES utf8mb4 */;

--
-- Database: `ddcook`
--
CREATE DATABASE IF NOT EXISTS `ddcook` DEFAULT CHARACTER SET utf8 COLLATE utf8_general_ci;
USE `ddcook`;

-- --------------------------------------------------------

--
-- 表的结构 `food`
--

CREATE TABLE `food` (
  `foodID` int(11) NOT NULL,
  `foodName` varchar(80) DEFAULT NULL,
  `foodTime` varchar(32) DEFAULT NULL,
  `foodTaste` varchar(32) DEFAULT NULL,
  `foodTech` varchar(32) DEFAULT NULL,
  `kindName` varchar(50) DEFAULT NULL,
  `foodMaterial` varchar(535) DEFAULT NULL,
  `foodStep` varchar(535) DEFAULT NULL,
  `foodVideo` varchar(200) DEFAULT NULL,
  `foodLooked` int(11) DEFAULT NULL,
  `foodIntro` varchar(200) DEFAULT NULL,
  `foodLoadtime` bigint(20) DEFAULT NULL,
  `foodImg` varchar(255) NOT NULL,
  `foodRank` float NOT NULL,
  `totalRank` double NOT NULL
) ENGINE=InnoDB DEFAULT CHARSET=utf8;

--
-- 转存表中的数据 `food`
--

INSERT INTO `food` (`foodID`, `foodName`, `foodTime`, `foodTaste`, `foodTech`, `kindName`, `foodMaterial`, `foodStep`, `foodVideo`, `foodLooked`, `foodIntro`, `foodLoadtime`, `foodImg`, `foodRank`, `totalRank`) VALUES
(20, '泰式脆皮烤猪配南瓜香菜沙拉', '1.5小时', '咸', '烧烤', '0', '香菜，适量；海盐，适量；黑胡椒，适量；橄榄油，适量；白芝麻，适量；带皮五花肉，1千克；黄皮南瓜，1千克；米酒，300毫升；泰式甜辣酱，125毫升；泰式鱼露，40毫升；棕梠糖碎，2汤匙；综合生菜叶，适量', '取猪肉泡在米酒至少4个小时备用；烤箱预热摄氏200度；准备深烤盘装入水（低于烤架高度即可），放入猪肉在烤架上，洒上海盐、黑胡椒和橄榄油；放烤箱烘烤50分钟直至上色，取出猪肉，切件备用；烤箱降温至摄氏180度；南瓜切件，放置另一个烤盘内，洒上橄榄油及海盐，放入烤箱烘烤，约25分钟，直到表面金棕色取出；泰式甜辣酱、鱼露及棕梠糖碎，放入微波加热30秒，放入猪肉块与酱汁拌匀，搭配生菜、烤熟的南瓜、香菜和白芝麻摆盘，即可享用。', 'img/1.mp4', 80367, '给自己的万圣节做个大菜！教你如何善用烤箱做料理，不擅长烧菜的你也可以做出美味的南瓜主菜料理～', 201202011123, 'img/food1.jpg', 1.5, 24111.15),
(21, '泰式脆皮烤猪配南瓜香菜沙拉', '1.5小时', '咸', '烧烤', '0', '香菜，适量；海盐，适量；黑胡椒，适量；橄榄油，适量；白芝麻，适量；带皮五花肉，1千克；黄皮南瓜，1千克；米酒，300毫升；泰式甜辣酱，125毫升；泰式鱼露，40毫升；棕梠糖碎，2汤匙；综合生菜叶，适量', '取猪肉泡在米酒至少4个小时备用；烤箱预热摄氏200度；准备深烤盘装入水（低于烤架高度即可），放入猪肉在烤架上，洒上海盐、黑胡椒和橄榄油；放烤箱烘烤50分钟直至上色，取出猪肉，切件备用；烤箱降温至摄氏180度；南瓜切件，放置另一个烤盘内，洒上橄榄油及海盐，放入烤箱烘烤，约25分钟，直到表面金棕色取出；泰式甜辣酱、鱼露及棕梠糖碎，放入微波加热30秒，放入猪肉块与酱汁拌匀，搭配生菜、烤熟的南瓜、香菜和白芝麻摆盘，即可享用。', 'img/1.mp4', 80401, '给自己的万圣节做个大菜！教你如何善用烤箱做料理，不擅长烧菜的你也可以做出美味的南瓜主菜料理～', 201202011123, 'img/food1.jpg', 4.36508, 24117.955555556),
(22, '泰式脆皮烤猪配南瓜香菜沙拉', '1.5小时', '咸', '烧烤', '0', '香菜，适量；海盐，适量；黑胡椒，适量；橄榄油，适量；白芝麻，适量；带皮五花肉，1千克；黄皮南瓜，1千克；米酒，300毫升；泰式甜辣酱，125毫升；泰式鱼露，40毫升；棕梠糖碎，2汤匙；综合生菜叶，适量', '取猪肉泡在米酒至少4个小时备用；烤箱预热摄氏200度；准备深烤盘装入水（低于烤架高度即可），放入猪肉在烤架上，洒上海盐、黑胡椒和橄榄油；放烤箱烘烤50分钟直至上色，取出猪肉，切件备用；烤箱降温至摄氏180度；南瓜切件，放置另一个烤盘内，洒上橄榄油及海盐，放入烤箱烘烤，约25分钟，直到表面金棕色取出；泰式甜辣酱、鱼露及棕梠糖碎，放入微波加热30秒，放入猪肉块与酱汁拌匀，搭配生菜、烤熟的南瓜、香菜和白芝麻摆盘，即可享用。', 'img/1.mp4', 80358, '给自己的万圣节做个大菜！教你如何善用烤箱做料理，不擅长烧菜的你也可以做出美味的南瓜主菜料理～', 201202011123, 'img/food1.jpg', 0, 0),
(23, '泰式脆皮烤猪配南瓜香菜沙拉', '1.5小时', '咸', '烧烤', '0', '香菜，适量；海盐，适量；黑胡椒，适量；橄榄油，适量；白芝麻，适量；带皮五花肉，1千克；黄皮南瓜，1千克；米酒，300毫升；泰式甜辣酱，125毫升；泰式鱼露，40毫升；棕梠糖碎，2汤匙；综合生菜叶，适量', '取猪肉泡在米酒至少4个小时备用；烤箱预热摄氏200度；准备深烤盘装入水（低于烤架高度即可），放入猪肉在烤架上，洒上海盐、黑胡椒和橄榄油；放烤箱烘烤50分钟直至上色，取出猪肉，切件备用；烤箱降温至摄氏180度；南瓜切件，放置另一个烤盘内，洒上橄榄油及海盐，放入烤箱烘烤，约25分钟，直到表面金棕色取出；泰式甜辣酱、鱼露及棕梠糖碎，放入微波加热30秒，放入猪肉块与酱汁拌匀，搭配生菜、烤熟的南瓜、香菜和白芝麻摆盘，即可享用。', 'img/1.mp4', 80355, '给自己的万圣节做个大菜！教你如何善用烤箱做料理，不擅长烧菜的你也可以做出美味的南瓜主菜料理～', 201202011123, 'img/food1.jpg', 0, 0),
(28, '泰式脆', '1.5小时', '咸', '烧烤', '0', '香菜，适量；海盐，适量；黑胡椒，适量；橄榄油，适量；白芝麻，适量；带皮五花肉，1千克；黄皮南瓜，1千克；米酒，300毫升；泰式甜辣酱，125毫升；泰式鱼露，40毫升；棕梠糖碎，2汤匙；综合生菜叶，适量', '取猪肉泡在米酒至少4个小时备用；烤箱预热摄氏200度；准备深烤盘装入水（低于烤架高度即可），放入猪肉在烤架上，洒上海盐、黑胡椒和橄榄油；放烤箱烘烤50分钟直至上色，取出猪肉，切件备用；烤箱降温至摄氏180度；南瓜切件，放置另一个烤盘内，洒上橄榄油及海盐，放入烤箱烘烤，约25分钟，直到表面金棕色取出；泰式甜辣酱、鱼露及棕梠糖碎，放入微波加热30秒，放入猪肉块与酱汁拌匀，搭配生菜、烤熟的南瓜、香菜和白芝麻摆盘，即可享用。', 'img/1.mp4', 80355, '给自己的万圣节做个大菜！教你如何善用烤箱做料理，不擅长烧菜的你也可以做出美味的南瓜主菜料理～', 201202011123, 'img/food1.jpg', 0, 0),
(29, '泰式脆皮烤猪配南瓜香菜沙拉', '1.5小时', '咸', '烧烤', '0', '香菜，适量；海盐，适量；黑胡椒，适量；橄榄油，适量；白芝麻，适量；带皮五花肉，1千克；黄皮南瓜，1千克；米酒，300毫升；泰式甜辣酱，125毫升；泰式鱼露，40毫升；棕梠糖碎，2汤匙；综合生菜叶，适量', '取猪肉泡在米酒至少4个小时备用；烤箱预热摄氏200度；准备深烤盘装入水（低于烤架高度即可），放入猪肉在烤架上，洒上海盐、黑胡椒和橄榄油；放烤箱烘烤50分钟直至上色，取出猪肉，切件备用；烤箱降温至摄氏180度；南瓜切件，放置另一个烤盘内，洒上橄榄油及海盐，放入烤箱烘烤，约25分钟，直到表面金棕色取出；泰式甜辣酱、鱼露及棕梠糖碎，放入微波加热30秒，放入猪肉块与酱汁拌匀，搭配生菜、烤熟的南瓜、香菜和白芝麻摆盘，即可享用。', 'img/1.mp4', 80357, '给自己的万圣节做个大菜！教你如何善用烤箱做料理，不擅长烧菜的你也可以做出美味的南瓜主菜料理～', 201202011123, 'img/food1.jpg', 0, 0),
(30, '泰式脆皮烤猪配南瓜香菜沙拉', '1.5小时', '咸', '烧烤', '0', '香菜，适量；海盐，适量；黑胡椒，适量；橄榄油，适量；白芝麻，适量；带皮五花肉，1千克；黄皮南瓜，1千克；米酒，300毫升；泰式甜辣酱，125毫升；泰式鱼露，40毫升；棕梠糖碎，2汤匙；综合生菜叶，适量', '取猪肉泡在米酒至少4个小时备用；烤箱预热摄氏200度；准备深烤盘装入水（低于烤架高度即可），放入猪肉在烤架上，洒上海盐、黑胡椒和橄榄油；放烤箱烘烤50分钟直至上色，取出猪肉，切件备用；烤箱降温至摄氏180度；南瓜切件，放置另一个烤盘内，洒上橄榄油及海盐，放入烤箱烘烤，约25分钟，直到表面金棕色取出；泰式甜辣酱、鱼露及棕梠糖碎，放入微波加热30秒，放入猪肉块与酱汁拌匀，搭配生菜、烤熟的南瓜、香菜和白芝麻摆盘，即可享用。', 'img/1.mp4', 80355, '给自己的万圣节做个大菜！教你如何善用烤箱做料理，不擅长烧菜的你也可以做出美味的南瓜主菜料理～', 201202011123, 'img/food1.jpg', 0, 0),
(31, '泰式脆皮烤猪配南瓜香菜沙拉', '1.5小时', '咸', '烧烤', '0', '香菜,适量；海盐,适量；黑胡椒,适量；橄榄油,适量；白芝麻,适量；带皮五花肉,1千克；黄皮南瓜,1千克；米酒,300毫升；泰式甜辣酱,125毫升；泰式鱼露,40毫升；棕梠糖碎,2汤匙；综合生菜叶,适量', '取猪肉泡在米酒至少4个小时备用；烤箱预热摄氏200度；准备深烤盘装入水（低于烤架高度即可），放入猪肉在烤架上，洒上海盐、黑胡椒和橄榄油；放烤箱烘烤50分钟直至上色，取出猪肉，切件备用；烤箱降温至摄氏180度；南瓜切件，放置另一个烤盘内，洒上橄榄油及海盐，放入烤箱烘烤，约25分钟，直到表面金棕色取出；泰式甜辣酱、鱼露及棕梠糖碎，放入微波加热30秒，放入猪肉块与酱汁拌匀，搭配生菜、烤熟的南瓜、香菜和白芝麻摆盘，即可享用。', 'img/1.mp4', 80355, '给自己的万圣节做个大菜！教你如何善用烤箱做料理，不擅长烧菜的你也可以做出美味的南瓜主菜料理～', 201202011123, 'img/food1.jpg', 0, 0),
(32, '泰式脆皮烤猪配南瓜香菜沙拉', '1.5小时', '咸', '烧烤', '0', '香菜，适量；海盐，适量；黑胡椒，适量；橄榄油，适量；白芝麻，适量；带皮五花肉，1千克；黄皮南瓜，1千克；米酒，300毫升；泰式甜辣酱，125毫升；泰式鱼露，40毫升；棕梠糖碎，2汤匙；综合生菜叶，适量', '取猪肉泡在米酒至少4个小时备用；烤箱预热摄氏200度；准备深烤盘装入水（低于烤架高度即可），放入猪肉在烤架上，洒上海盐、黑胡椒和橄榄油；放烤箱烘烤50分钟直至上色，取出猪肉，切件备用；烤箱降温至摄氏180度；南瓜切件，放置另一个烤盘内，洒上橄榄油及海盐，放入烤箱烘烤，约25分钟，直到表面金棕色取出；泰式甜辣酱、鱼露及棕梠糖碎，放入微波加热30秒，放入猪肉块与酱汁拌匀，搭配生菜、烤熟的南瓜、香菜和白芝麻摆盘，即可享用。', 'img/1.mp4', 80355, '给自己的万圣节做个大菜！教你如何善用烤箱做料理，不擅长烧菜的你也可以做出美味的南瓜主菜料理～', 201202011123, 'img/food1.jpg', 0, 0),
(33, '泰式脆皮烤猪配南瓜香菜沙拉', '1.5小时', '咸', '烧烤', '0', '香菜，适量；海盐，适量；黑胡椒，适量；橄榄油，适量；白芝麻，适量；带皮五花肉，1千克；黄皮南瓜，1千克；米酒，300毫升；泰式甜辣酱，125毫升；泰式鱼露，40毫升；棕梠糖碎，2汤匙；综合生菜叶，适量', '取猪肉泡在米酒至少4个小时备用；烤箱预热摄氏200度；准备深烤盘装入水（低于烤架高度即可），放入猪肉在烤架上，洒上海盐、黑胡椒和橄榄油；放烤箱烘烤50分钟直至上色，取出猪肉，切件备用；烤箱降温至摄氏180度；南瓜切件，放置另一个烤盘内，洒上橄榄油及海盐，放入烤箱烘烤，约25分钟，直到表面金棕色取出；泰式甜辣酱、鱼露及棕梠糖碎，放入微波加热30秒，放入猪肉块与酱汁拌匀，搭配生菜、烤熟的南瓜、香菜和白芝麻摆盘，即可享用。', 'img/1.mp4', 80355, '给自己的万圣节做个大菜！教你如何善用烤箱做料理，不擅长烧菜的你也可以做出美味的南瓜主菜料理～', 201202011123, 'img/food1.jpg', 0, 0),
(34, '泰式脆皮烤猪配南瓜香菜沙拉', '1.5小时', '咸', '烧烤', '0', '香菜，适量；海盐，适量；黑胡椒，适量；橄榄油，适量；白芝麻，适量；带皮五花肉，1千克；黄皮南瓜，1千克；米酒，300毫升；泰式甜辣酱，125毫升；泰式鱼露，40毫升；棕梠糖碎，2汤匙；综合生菜叶，适量', '取猪肉泡在米酒至少4个小时备用；烤箱预热摄氏200度；准备深烤盘装入水（低于烤架高度即可），放入猪肉在烤架上，洒上海盐、黑胡椒和橄榄油；放烤箱烘烤50分钟直至上色，取出猪肉，切件备用；烤箱降温至摄氏180度；南瓜切件，放置另一个烤盘内，洒上橄榄油及海盐，放入烤箱烘烤，约25分钟，直到表面金棕色取出；泰式甜辣酱、鱼露及棕梠糖碎，放入微波加热30秒，放入猪肉块与酱汁拌匀，搭配生菜、烤熟的南瓜、香菜和白芝麻摆盘，即可享用。', 'img/1.mp4', 80355, '给自己的万圣节做个大菜！教你如何善用烤箱做料理，不擅长烧菜的你也可以做出美味的南瓜主菜料理～', 201202011123, 'img/food1.jpg', 0, 0),
(35, '泰式脆皮烤猪配南瓜香菜沙拉', '1.5小时', '咸', '烧烤', '0', '香菜，适量；海盐，适量；黑胡椒，适量；橄榄油，适量；白芝麻，适量；带皮五花肉，1千克；黄皮南瓜，1千克；米酒，300毫升；泰式甜辣酱，125毫升；泰式鱼露，40毫升；棕梠糖碎，2汤匙；综合生菜叶，适量', '取猪肉泡在米酒至少4个小时备用；烤箱预热摄氏200度；准备深烤盘装入水（低于烤架高度即可），放入猪肉在烤架上，洒上海盐、黑胡椒和橄榄油；放烤箱烘烤50分钟直至上色，取出猪肉，切件备用；烤箱降温至摄氏180度；南瓜切件，放置另一个烤盘内，洒上橄榄油及海盐，放入烤箱烘烤，约25分钟，直到表面金棕色取出；泰式甜辣酱、鱼露及棕梠糖碎，放入微波加热30秒，放入猪肉块与酱汁拌匀，搭配生菜、烤熟的南瓜、香菜和白芝麻摆盘，即可享用。', 'img/1.mp4', 80355, '给自己的万圣节做个大菜！教你如何善用烤箱做料理，不擅长烧菜的你也可以做出美味的南瓜主菜料理～', 201202011123, 'img/food1.jpg', 0, 0),
(46, '土豆牛肉', '30分钟', '咸', '煮', '0', '土豆，500g；牛肉400g；油，适量', '腌渍牛肉；土豆洗净；下锅；出盘；', 'data/upload/111.MP4', 6, '用土豆牛肉做菜', 1491906555, 'data/upload/food1.jpg', 0, 0),
(47, '', '', '', '', '22', '', '', '', 0, '', 1492937236, '', 0, 0),
(48, NULL, NULL, NULL, NULL, '11', NULL, NULL, NULL, NULL, NULL, NULL, '', 0, 0);

-- --------------------------------------------------------

--
-- 表的结构 `kind`
--

CREATE TABLE `kind` (
  `kindID` int(11) NOT NULL,
  `kindName` varchar(50) NOT NULL
) ENGINE=InnoDB DEFAULT CHARSET=utf8;

--
-- 转存表中的数据 `kind`
--

INSERT INTO `kind` (`kindID`, `kindName`) VALUES
(3, '潮州菜'),
(4, '东北菜'),
(5, '本帮菜'),
(6, '赣菜'),
(7, '鄂菜'),
(8, '京菜'),
(9, '津菜'),
(10, '冀菜'),
(11, '豫菜'),
(13, '清真菜');

-- --------------------------------------------------------

--
-- 表的结构 `usercomment`
--

CREATE TABLE `usercomment` (
  `commentID` int(11) NOT NULL,
  `contents` varchar(535) DEFAULT NULL,
  `commentTime` bigint(20) DEFAULT NULL,
  `userID` int(11) DEFAULT NULL,
  `foodID` int(11) DEFAULT NULL,
  `rank` int(11) NOT NULL
) ENGINE=InnoDB DEFAULT CHARSET=utf8;

--
-- 转存表中的数据 `usercomment`
--

INSERT INTO `usercomment` (`commentID`, `contents`, `commentTime`, `userID`, `foodID`, `rank`) VALUES
(1, '的是', 1492824035, 16, 20, 0),
(2, '4', 1492941493, 16, 21, 0),
(3, '34', 1492941548, 16, 21, 0),
(4, '34', 1492942550, 16, 21, 4),
(5, '34', 1492942637, 16, 21, 4),
(6, '34', 1492942762, 16, 21, 4),
(7, '34', 1492942787, 16, 21, 4),
(8, '34', 1492942825, 16, 21, 4),
(9, '34', 1492942849, 16, 21, 4),
(10, '34', 1492942866, 16, 21, 4),
(11, '34', 1492942892, 16, 21, 4),
(12, '34', 1492942906, 16, 21, 4),
(13, '34', 1492942921, 16, 21, 4),
(14, '34', 1492942948, 16, 21, 4),
(15, '34', 1492943021, 16, 21, 4),
(16, '34', 1492943053, 16, 21, 4),
(17, '34', 1492943094, 16, 21, 4),
(18, '34', 1492943135, 16, 21, 4),
(19, '34', 1492943197, 16, 21, 4),
(20, '34', 1492943223, 16, 21, 4),
(21, '34', 1492943252, 16, 21, 4),
(22, '34', 1492943332, 16, 21, 4),
(23, '34', 1492943516, 16, 21, 4),
(24, '34', 1492944158, 16, 21, 4),
(25, '34', 1492944179, 16, 21, 4),
(26, '34', 1492944232, 16, 21, 4),
(27, '34', 1492944642, 16, 21, 4),
(28, '34', 1492944725, 16, 21, 4),
(29, '34', 1492944786, 16, 21, 4),
(30, '34', 1492944846, 16, 21, 4),
(31, '34', 1492944872, 16, 21, 4),
(32, '34', 1492944890, 16, 21, 4),
(33, '34', 1492945025, 16, 21, 4),
(34, '3243', 1492945075, 16, 21, 5),
(35, '3243', 1492945187, 16, 21, 5),
(36, '3243', 1492902006, 16, 21, 5),
(37, '3243', 1492909111, 16, 21, 5),
(38, '3243', 1492909114, 16, 21, 5),
(39, '3243', 1492909146, 16, 21, 5),
(40, '3243', 1492912943, 16, 21, 5),
(41, '3243', 1492912971, 16, 21, 5),
(42, '3243', 1492912977, 16, 21, 5),
(43, '3243', 1492912982, 16, 21, 5),
(44, '3243', 1492912992, 16, 21, 5),
(45, '3243', 1492912999, 16, 21, 5),
(46, '3243', 1492913044, 16, 21, 5),
(47, '3243', 1492913069, 16, 21, 5),
(48, '3243', 1492913070, 16, 21, 5),
(49, '3243', 1492913127, 16, 21, 5),
(50, '3243', 1492913169, 16, 21, 5),
(51, '3243', 1492913332, 16, 21, 5),
(52, '3243', 1492913390, 16, 21, 5),
(53, '3243', 1492913433, 16, 21, 5),
(54, '3243', 1492913448, 16, 21, 5),
(55, '3243', 1492913471, 16, 21, 5),
(56, '3243', 1492913561, 16, 21, 5),
(57, '3243', 1492913588, 16, 21, 5),
(58, '3243', 1492913616, 16, 21, 5),
(59, '3243', 1492913637, 16, 21, 5),
(60, '3243', 1492913986, 16, 21, 5),
(61, '3243', 1492914036, 16, 21, 5),
(62, '3243', 1492914204, 16, 21, 5),
(63, '3243', 1492914261, 16, 21, 5),
(64, '3243', 1492914358, 16, 21, 5),
(65, '212', 1492998293, 16, 20, 3);

-- --------------------------------------------------------

--
-- 表的结构 `userinfo`
--

CREATE TABLE `userinfo` (
  `userID` int(11) NOT NULL,
  `userName` varchar(20) NOT NULL,
  `userPwd` varchar(32) NOT NULL,
  `userType` int(11) DEFAULT NULL
) ENGINE=InnoDB DEFAULT CHARSET=utf8;

--
-- 转存表中的数据 `userinfo`
--

INSERT INTO `userinfo` (`userID`, `userName`, `userPwd`, `userType`) VALUES
(1, 'tom', '12345678', 0),
(2, 'mary', '12345678', 0),
(3, 'jerry', '12345678', 0),
(16, '1', '1', 1),
(17, 'wsy', '123', 0),
(18, '2', '2', 1),
(19, '3', '1', 0),
(21, '122', '122222222', 0),
(22, '12333', '1', NULL),
(24, '1111', '11111111', NULL);

-- --------------------------------------------------------

--
-- 表的结构 `userreply`
--

CREATE TABLE `userreply` (
  `replyID` int(11) NOT NULL,
  `replyContent` varchar(535) DEFAULT NULL,
  `userID` int(11) DEFAULT NULL,
  `commentID` int(11) DEFAULT NULL,
  `replyTime` bigint(20) DEFAULT NULL
) ENGINE=InnoDB DEFAULT CHARSET=utf8;

--
-- Indexes for dumped tables
--

--
-- Indexes for table `food`
--
ALTER TABLE `food`
  ADD PRIMARY KEY (`foodID`),
  ADD KEY `kindName` (`kindName`);

--
-- Indexes for table `kind`
--
ALTER TABLE `kind`
  ADD PRIMARY KEY (`kindID`);

--
-- Indexes for table `usercomment`
--
ALTER TABLE `usercomment`
  ADD PRIMARY KEY (`commentID`),
  ADD KEY `userID` (`userID`),
  ADD KEY `foodID` (`foodID`);

--
-- Indexes for table `userinfo`
--
ALTER TABLE `userinfo`
  ADD PRIMARY KEY (`userID`);

--
-- Indexes for table `userreply`
--
ALTER TABLE `userreply`
  ADD PRIMARY KEY (`replyID`),
  ADD KEY `userID` (`userID`),
  ADD KEY `commentID` (`commentID`);

--
-- 在导出的表使用AUTO_INCREMENT
--

--
-- 使用表AUTO_INCREMENT `food`
--
ALTER TABLE `food`
  MODIFY `foodID` int(11) NOT NULL AUTO_INCREMENT, AUTO_INCREMENT=49;
--
-- 使用表AUTO_INCREMENT `kind`
--
ALTER TABLE `kind`
  MODIFY `kindID` int(11) NOT NULL AUTO_INCREMENT, AUTO_INCREMENT=15;
--
-- 使用表AUTO_INCREMENT `usercomment`
--
ALTER TABLE `usercomment`
  MODIFY `commentID` int(11) NOT NULL AUTO_INCREMENT, AUTO_INCREMENT=66;
--
-- 使用表AUTO_INCREMENT `userinfo`
--
ALTER TABLE `userinfo`
  MODIFY `userID` int(11) NOT NULL AUTO_INCREMENT, AUTO_INCREMENT=25;
--
-- 使用表AUTO_INCREMENT `userreply`
--
ALTER TABLE `userreply`
  MODIFY `replyID` int(11) NOT NULL AUTO_INCREMENT;
--
-- 限制导出的表
--

--
-- 限制表 `usercomment`
--
ALTER TABLE `usercomment`
  ADD CONSTRAINT `usercomment_ibfk_1` FOREIGN KEY (`userID`) REFERENCES `userinfo` (`userID`),
  ADD CONSTRAINT `usercomment_ibfk_2` FOREIGN KEY (`foodID`) REFERENCES `food` (`foodID`);

--
-- 限制表 `userreply`
--
ALTER TABLE `userreply`
  ADD CONSTRAINT `userreply_ibfk_1` FOREIGN KEY (`userID`) REFERENCES `userinfo` (`userID`),
  ADD CONSTRAINT `userreply_ibfk_2` FOREIGN KEY (`commentID`) REFERENCES `usercomment` (`commentID`);

/*!40101 SET CHARACTER_SET_CLIENT=@OLD_CHARACTER_SET_CLIENT */;
/*!40101 SET CHARACTER_SET_RESULTS=@OLD_CHARACTER_SET_RESULTS */;
/*!40101 SET COLLATION_CONNECTION=@OLD_COLLATION_CONNECTION */;
